img_id,bw_pa
img_1,pa
img_2,bw
img_3,pa
img_4,bw
img_5,bw
img_6,bw
img_7,bw
img_8,pa
img_9,pa
img_10,pa
img_11,pa
img_12,pa
img_13,pa
img_14,bw
img_15,bw
img_16,pa
img_17,pa
img_18,bw
img_19,pa
img_20,bw
img_21,bw
img_22,bw
img_23,bw
img_24,pa
img_25,bw
img_26,pa
img_27,bw
img_28,pa
img_29,pa
img_30,pa
img_31,pa
img_32,bw
img_33,pa
img_34,pa
img_35,bw
img_36,pa
img_37,pa
img_38,pa
img_39,pa
img_40,pa
img_41,pa
img_42,bw
img_43,pa
img_44,bw
img_45,pa
img_46,pa
img_47,bw
img_48,pa
img_49,pa
img_50,pa
img_51,pa
img_52,bw
img_53,bw
img_54,bw
img_55,bw
img_56,bw
img_57,bw
img_58,bw
img_59,bw
img_60,bw
img_61,bw
img_62,bw
img_63,bw
img_64,bw
img_65,bw
img_66,bw
img_67,bw
img_68,bw
img_69,bw
img_70,bw
img_71,bw
img_72,bw
img_73,bw
img_74,bw
img_75,bw
img_76,bw
img_77,bw
img_78,bw
img_79,bw
img_80,bw
img_81,bw
img_82,bw
img_83,bw
img_84,bw
img_85,bw
img_86,bw
img_87,bw
img_88,bw
img_89,bw
img_90,bw
img_91,bw
img_92,bw
img_93,bw
img_94,bw
img_95,bw
img_96,bw
img_97,bw
img_98,bw
img_99,bw
img_100,bw
img_101,pa
img_102,pa
img_103,pa
img_104,pa
img_105,pa
img_106,pa
img_107,pa
img_108,bw
img_109,pa
img_110,pa
img_111,pa
img_112,bw
img_113,pa
img_114,pa
img_115,pa
img_116,pa
img_117,bw
img_118,pa
img_119,pa
img_120,bw
img_121,pa
img_122,pa
img_123,pa
img_124,pa
img_125,bw
img_126,pa
img_127,pa
img_128,pa
img_129,pa
img_130,pa
img_131,pa
img_132,pa
img_133,pa
img_134,bw
img_135,pa
img_136,pa
img_137,pa
img_138,pa
img_139,bw
img_140,pa
img_141,pa
img_142,pa
img_143,pa
img_144,pa
img_145,bw
img_146,pa
img_147,pa
img_148,pa
img_149,pa
img_150,pa
img_151,bw
img_152,pa
img_153,pa
img_154,pa
img_155,pa
img_156,bw
img_157,pa
img_158,pa
img_159,pa
img_160,bw
img_161,bw
img_162,pa
img_163,bw
img_164,pa
img_165,bw
img_166,bw
img_167,pa
img_168,pa
img_169,pa
img_170,pa
img_171,pa
img_172,bw
img_173,pa
img_174,pa
img_175,bw
img_176,bw
img_177,bw
img_178,bw
img_179,bw
img_180,bw
img_181,bw
img_182,bw
img_183,bw
img_184,bw
img_185,bw
img_186,bw
img_187,bw
img_188,bw
img_189,bw
img_190,bw
img_191,bw
img_192,bw
img_193,bw
img_194,bw
img_195,bw
img_196,bw
img_197,bw
img_198,bw
img_199,bw
img_200,bw
